genus	count
Salmonella	1529
Streptomyces	462
Escherichia	336
Bacillus	301
Pseudomonas	257
Mycobacterium	202
Klebsiella	184
Enterobacter	160
Citrobacter	138
Staphylococcus	125
Burkholderia	112
Paenibacillus	100
Nocardia	98
Mycolicibacterium	89
Corynebacterium	75
Marinobacter	70
Halomonas	64
Shigella	57
Serratia	54
Rothia	53
Nonomuraea	52
Rhodococcus	51
Limosilactobacillus	50
Actinomyces	50
Paraburkholderia	48
Arthrobacter	48
Achromobacter	46
Nocardioides	45
Cryobacterium	44
Actinomadura	44
Cupriavidus	44
Cellulomonas	41
Stenotrophomonas	41
Brucella	40
Gordonia	38
Acidovorax	38
Veillonella	36
Selenomonas	33
Geobacillus	32
Listeria	32
Mesorhizobium	31
Paracoccus	31
Pantoea	30
Janthinobacterium	29
Providencia	29
Micromonospora	28
Stutzerimonas	28
Raoultella	28
Thermus	26
Pectobacterium	26
Amycolatopsis	24
Ralstonia	24
Caballeronia	23
Neisseria	23
Actinoplanes	22
Microbacterium	22
Sporosarcina	22
Psychrobacter	20
Kocuria	18
Vreelandella	18
Mycolicibacter	18
Brachybacterium	17
Hydrogenophaga	17
Vibrio	16
Moraxella	16
Chromobacterium	16
Kribbella	16
Microbulbifer	16
Kluyvera	16
Tessaracoccus	15
Leclercia	15
Virgibacillus	15
Saccharothrix	15
Nocardiopsis	15
Rhodoferax	15
Pseudonocardia	14
Proteus	14
Variovorax	14
Shewanella	14
Dickeya	14
Saccharopolyspora	14
Nitrobacter	14
Lentibacillus	13
Massilia	13
Lactiplantibacillus	13
Duganella	13
Aeromicrobium	12
Undibacterium	12
Geobacter	12
Cronobacter	12
Polaromonas	12
Streptosporangium	12
Parageobacillus	12
Roseateles	12
Bordetella	12
Kosakonia	11
Agromyces	11
Rhodanobacter	11
Phenylobacterium	11
Thalassospira	11
Buttiauxella	11
Brevibacterium	11
Salinicoccus	11
Schaalia	10
Delftia	10
Morganella	10
Propionibacterium	10
Thiobacillus	10
Thiothrix	10
Neobacillus	10
Pandoraea	10
Phycicoccus	9
Heyndrickxia	9
Pyrobaculum	9
Cedecea	9
Rhizobium	9
Eikenella	9
Sphingomonas	9
Erwinia	9
Thermomonas	9
Rheinheimera	9
Sanguibacter	9
Yersinia	9
Pseudarthrobacter	9
Edwardsiella	9
Thiomonas	9
Thauera	9
Snodgrassella	9
Acidithiobacillus	9
Candidatus Accumulibacter	8
Mixta	8
Loigolactobacillus	8
Robiginitomaculum	8
Idiomarina	8
Oerskovia	8
Hafnia	8
Dietzia	8
Lelliottia	8
Macrococcoides	8
Billgrantia	8
Prescottella	8
Hyphomonas	8
Brevundimonas	8
Oceanobacillus	8
Anoxybacillus	8
Diaphorobacter	8
Rahnella	8
Bosea	8
Trinickia	8
Martelella	8
Pseudoduganella	7
Propioniciclava	7
Gracilibacillus	7
Roseovarius	7
Pseudovibrio	7
Glycomyces	7
Paractinoplanes	7
Salinispora	7
Aquitalea	7
Acetobacter	7
Georgenia	7
Glutamicibacter	7
Hyphomicrobium	7
Microbispora	7
Pseudidiomarina	7
Hoeflea	7
Pluralibacter	7
Acinetobacter	7
Afipia	7
Bradyrhizobium	7
Kibdelosporangium	7
Cellulosimicrobium	7
Janibacter	7
Methylobacter	6
Nostocoides	6
Cutibacterium	6
Macrococcus	6
Aquabacterium	6
Neoroseomonas	6
Fontibacillus	6
Herbaspirillum	6
Methylobacterium	6
Atlantibacter	6
Pseudoalteromonas	6
Saccharolobus	6
Thioclava	6
Alishewanella	6
Mumia	6
Rubrobacter	6
Anaeromyxobacter	6
Rugamonas	6
Blastococcus	6
Knoellia	6
Saccharococcus	6
Comamonas	6
Ornithinimicrobium	6
Mammaliicoccus	6
Sphingobium	5
Tepidimonas	5
Castellaniella	5
Pseudogulbenkiania	5
Schinkia	5
Candidatus Thioglobus	5
Commensalibacter	5
Planococcus	5
Ochrobactrum	5
Desulfitobacterium	5
Modicisalibacter	5
Halioglobus	5
Limnohabitans	5
Mitsuokella	5
Jiangella	5
Secundilactobacillus	5
Roseobacter	5
Devosia	5
Rhodovulum	5
Sedimenticola	5
Nitrolancea	5
Halopseudomonas	5
Microlunatus	5
Alicyclobacillus	5
Ramlibacter	5
Rubrivivax	5
Sphaerisporangium	5
Tistrella	5
Companilactobacillus	5
Aliidiomarina	4
Sulfitobacter	4
Planobispora	4
Niallia	4
Kingella	4
Ciceribacter	4
Cohnella	4
Pigmentiphaga	4
Actinacidiphila	4
Actinosynnema	4
Aquipseudomonas	4
Acidiphilium	4
Geodermatophilus	4
Humibacillus	4
Silvania	4
Chromohalobacter	4
Kushneria	4
Nakamurella	4
Saccharomonospora	4
Actinokineospora	4
Jeongeupia	4
Sphingopyxis	4
Propionivibrio	4
Erythrobacter	4
Curvibacter	4
Terrabacter	4
Boseongicola	4
Trabulsiella	4
Geomonas	4
Scandinavium	4
Advenella	4
Tatumella	4
Sphingorhabdus	4
Williamsia	4
Neptunomonas	4
Lautropia	4
Vandammella	4
Faucicola	3
Streptoalloteichus	3
Stackebrandtia	3
Parasutterella	3
Sulfobacillus	3
Candidatus Phosphoribacter	3
Bowmanella	3
Phytobacter	3
Spongiactinospora	3
Marivita	3
Pollutimonas	3
Litoreibacter	3
Roseomonas	3
Shouchella	3
Methyloceanibacter	3
Yimella	3
Denitromonas	3
Mobiluncus	3
Candidimonas	3
Pelosinus	3
Alkalilimnicola	3
Hahella	3
Actinocatenispora	3
Candidatus Methylomirabilis	3
Alteromonas	3
Calidifontibacillus	3
Malikia	3
Anoxybacteroides	3
Sneathiella	3
Caldibacillus	3
Porticoccus	3
Catenulispora	3
Geothermobacter	3
Methylophaga	3
Reyranella	3
Mycolicibacillus	3
Hoyosella	3
Meiothermus	3
Novosphingobium	3
Rouxiella	3
Methylocella	3
Ewingella	3
Cellvibrio	3
Silicimonas	3
Actinotalea	3
Salinisphaera	3
Eggerthella	3
Ottowia	3
Bartonella	3
Simplicispira	3
Chimaeribacter	3
Aeropyrum	3
Rhizocola	3
Methyloversatilis	3
Aeromonas	3
Crystallibacter	3
Bhargavaea	3
Desulfurella	3
Melghirimyces	3
Vulcanisaeta	3
Bauldia	3
Polynucleobacter	3
Arachnia	3
Sulfolobus	3
Winslowiella	3
Enteractinococcus	3
Actinophytocola	3
Allofranklinella	3
Planomonospora	3
Alicycliphilus	3
Phaeobacter	3
Xanthobacter	3
Tepidibacillus	3
Carbonactinospora	3
Intrasporangium	3
Sinomonas	3
Ruegeria	3
Caulobacter	3
Thiocapsa	3
Limnobaculum	3
Flexivirga	3
Salisediminibacterium	3
Ornithinibacillus	3
Paracidovorax	3
Paeniglutamicibacter	3
Vogesella	3
Melaminivora	2
Antarcticimicrobium	2
Roseicella	2
Prolixibacter	2
Inhella	2
Tenebrionicola	2
Actinocrinis	2
Thermodesulfobium	2
Thiohalorhabdus	2
Silvimonas	2
Entomomonas	2
Lactococcus	2
Aliiroseovarius	2
Cytobacillus	2
Pedococcus	2
Paenacidovorax	2
Candidatus Methanoperedens	2
Branchiibius	2
Microvirgula	2
Lederbergia	2
Lentilactobacillus	2
Kangiella	2
Jannaschia	2
Hydrogenibacillus	2
Candidatus Contendibacter	2
Moellerella	2
Planomicrobium	2
Candidatus Odyssella	2
Pseudohalioglobus	2
Antrihabitans	2
Micavibrio	2
Roseinatronobacter	2
Oceanibaculum	2
Couchioplanes	2
Thalassovita	2
Tranquillimonas	2
Phreatobacter	2
Bilophila	2
Roseibium	2
Leucobacter	2
Tenebrionibacter	2
Acidipropionibacterium	2
Pseudogracilibacillus	2
Pseudolabrys	2
Izhakiella	2
Pannonibacter	2
Salinarimonas	2
Granulosicoccus	2
Alcanivorax	2
Azorhizobium	2
Arenimonas	2
Plasticicumulans	2
Halovulum	2
Pseudenterobacter	2
Georgfuchsia	2
Salipiger	2
Pusillimonas	2
Herminiimonas	2
Krasilnikovia	2
Serinicoccus	2
Albidovulum	2
Jejubacter	2
Venatoribacter	2
Saliterribacillus	2
Thiorhodococcus	2
Thioalkalivibrio	2
Uliginosibacterium	2
Geothrix	2
Sodalis	2
Aquamicrobium	2
Rhizobacter	2
Ferroacidibacillus	2
Desulfovibrio	2
Methylomarinum	2
Phytoactinopolyspora	2
Altererythrobacter	2
Aromatoleum	2
Oikeobacillus	2
Prauserella	2
Microbaculum	2
Methyloprofundus	2
Oceanithermus	2
Glaciimonas	2
Kordiimonas	2
Paramicrobacterium	2
Muricoccus	2
Parabacteroides	2
Thiohalomonas	2
Alloalcanivorax	2
Lactobacillus	2
Desulfatitalea	2
Raineyella	2
Arsenicicoccus	2
Varibaculum	2
Yokenella	2
Roseicyclus	2
Calidithermus	2
Denitratisoma	2
Actinobaculum	2
Collimonas	2
Aerolutibacter	2
Stappia	2
Rhodobacter	2
Virgisporangium	2
Crenothrix	2
Cerasibacillus	2
Gaoshiqia	2
Candidatus Vesicomyidisocius	2
Maricaulis	2
Embleya	2
Lacicoccus	2
Marinactinospora	2
Lentzea	2
Speluncibacter	2
Thermomonospora	2
Levilactobacillus	2
Pleomorphomonas	2
Trichlorobacter	2
Amphritea	2
Thiomargarita	2
Celeribacter	2
Aurantimonas	2
Sulfurovum	2
Conchiformibius	2
Catellatospora	2
Orrella	2
Thalassotalea	2
Pseudocitrobacter	2
Shimwellia	2
Aquisalimonas	2
Scrofimicrobium	2
Mangrovibacter	2
Arsukibacterium	2
Asticcacaulis	2
Boudabousia	2
Crenobacter	2
Candidatus Thiodiazotropha	2
Desulfopila	2
Citricoccus	2
Lysobacter	2
Chitinilyticum	2
Hellea	2
Noviherbaspirillum	2
Methylotenera	2
Sulfurisphaera	2
Amphiplicatus	2
Piscinibacter	2
Sterolibacterium	2
Nitrococcus	2
Saccharibacillus	2
Parapusillimonas	1
Planctomonas	1
Azohydromonas	1
Allopusillimonas	1
Paralysiella	1
Spartinivicinus	1
Anderseniella	1
Metallosphaera	1
Leeia	1
Limnobacter	1
Desulfosalsimonas	1
Zestomonas	1
Qipengyuania	1
Kaustia	1
Occultella	1
Gaiella	1
Paenarthrobacter	1
Pikeienuella	1
Hallella	1
Gulosibacter	1
Entomobacter	1
Kangsaoukella	1
Sediminimonas	1
Petrimonas	1
Phytohabitans	1
Phocicoccus	1
Chengkuizengella	1
Streptomonospora	1
Candidatus Reidiella	1
Paramixta	1
Deefgea	1
Paragemmobacter	1
Candidatus Azoamicus	1
Hansschlegelia	1
Allorhizobium	1
Rehaibacterium	1
Limibacillus	1
Wenzhouxiangella	1
Acerihabitans	1
Pontixanthobacter	1
Luteitalea	1
Phytomonospora	1
Stakelama	1
Desulfoprunum	1
Thermocatellispora	1
Chitinivorax	1
Kaistia	1
Helcobacillus	1
Shinella	1
Haloechinothrix	1
Pseudorhodoplanes	1
Candidatus Desulfobacillus	1
Rhabdonatronobacter	1
Spelaeicoccus	1
Xanthomonas	1
Sphaerotilus	1
Pacificispira	1
Nitrospirillum	1
Methylogaea	1
Micrococcus	1
Azoarcus	1
Macellibacteroides	1
Teredinibacter	1
Marinimicrococcus	1
Allgaiera	1
Halochromatium	1
Denitrificimonas	1
Gimibacter	1
Uruburuella	1
Methylohalomonas	1
Sutterella	1
Litchfieldella	1
Propionimicrobium	1
Desulfococcus	1
Natronocella	1
Goodfellowiella	1
Sphingosinicella	1
Mesobacillus	1
Kutzneria	1
Agrococcus	1
Obesumbacterium	1
Candidatus Nitricoxidivorans	1
Brevibacillus	1
Solicola	1
Limobrevibacterium	1
Yinghuangia	1
Knufia	1
Marivivens	1
Bacteroides	1
Terrihalobacillus	1
Psychrobacillus	1
Thalassolituus	1
Dryocola	1
Natronospira	1
Spirillospora	1
Methylomarinovum	1
Microseira	1
Patulibacter	1
Streptantibioticus	1
Centipeda	1
Marinithermus	1
Candidatus Acetithermum	1
Desulfurispirillum	1
Allomeiothermus	1
Kyrpidia	1
Denitrovibrio	1
Mobilicoccus	1
Ferroglobus	1
Deferribacter	1
Conexibacter	1
Xylanimonas	1
Jonesia	1
Desulfomonile	1
Simiduia	1
Austwickia	1
Musicola	1
Beutenbergia	1
Desulforapulum	1
Methylibium	1
Candidatus Schmidhempelia	1
Denitratimonas	1
Aquincola	1
Kineosphaera	1
Fredinandcohnia	1
Paraglaciecola	1
Pseudomarimonas	1
Gleimia	1
Prevotella	1
Dactylosporangium	1
Chloracidobacterium	1
Candidatus Competibacter	1
Fermentimonas	1
Dechloromonas	1
Lolliginicoccus	1
Odoribacter	1
Thalassobaculum	1
Neogemmobacter	1
Saccharospirillum	1
Marinobacterium	1
Acididesulfobacillus	1
Cypionkella	1
Thetidibacter	1
Candidatus Obscuribacter	1
Geomesophilobacter	1
Pontibacterium	1
Halocynthiibacter	1
Phaeovibrio	1
Aldersonia	1
Candidatus Thiopontia	1
Candidatus Desulfolinea	1
Sphaerimonospora	1
Caldovatus	1
Aliidongia	1
Pilimelia	1
Calditerricola	1
Oxalicibacterium	1
Compostibacillus	1
Pullulanibacillus	1
Nanchangia	1
Rhodovibrio	1
Clostridium	1
Lutibaculum	1
Actinospica	1
Bacterioplanoides	1
Candidatus Endoriftia	1
Futiania	1
Fervidibacillus	1
Capillimicrobium	1
Chelatococcus	1
Giesbergeria	1
Ferruginibacter	1
Azonexus	1
Candidatus Gallilactobacillus	1
Candidatus Methylophosphatis	1
Candidatus Avipropionibacterium	1
Azospira	1
Aquabacter	1
Simonsiella	1
Rhodopseudomonas	1
Pelagibius	1
Gelidibacter	1
Nitrospira	1
Altibacter	1
Acidothermus	1
Parvibaculum	1
Salinibacterium	1
Rubellimicrobium	1
Brumimicrobium	1
Ignavibacterium	1
Falsochrobactrum	1
Marinovum	1
Sulfuritalea	1
Tsuneonella	1
Alsobacter	1
Amylibacter	1
Antarctobacter	1
Maliponia	1
Actibacterium	1
Paludifilum	1
Notoacmeibacter	1
Turicimonas	1
Tistlia	1
Yoonia	1
Oceanisphaera	1
Maritimibacter	1
Candidatus Parabeggiatoa	1
Primorskyibacter	1
Andreprevotia	1
Salinivibrio	1
Candidatus Tokpelaia	1
Aquaspirillum	1
Brevirhabdus	1
Krasilnikoviella	1
Consotaella	1
Lwoffella	1
Anaerobacillus	1
Salinicola	1
Pontibaca	1
Motiliproteus	1
Tersicoccus	1
Roseivivax	1
Oceanicella	1
Cryptosporangium	1
Malonomonas	1
Enterococcus	1
Flavimaricola	1
Gibbsiella	1
Marinospirillum	1
Enemella	1
Phaeovulum	1
Antricoccus	1
Donghicola	1
Pseudosporangium	1
Phyllobacterium	1
Hyphococcus	1
Caldimonas	1
Pseudoprimorskyibacter	1
Novimethylophilus	1
Siccibacter	1
Nitratireductor	1
Murinocardiopsis	1
Superficieibacter	1
Pulveribacter	1
Micropruina	1
Porphyrobacter	1
Luteimicrobium	1
Pseudazoarcus	1
Prodigiosinella	1
Winkia	1
Chryseobacterium	1
Paremcibacter	1
Thalassobium	1
Zhengella	1
Parvularcula	1
Halovibrio	1
Effusibacillus	1
Ureibacillus	1
Elstera	1
Chitinimonas	1
Mangrovactinospora	1
Labrenzia	1
Peptidiphaga	1
Gluconobacter	1
Desulfuromonas	1
Methylomonas	1
Paramesorhizobium	1
Steroidobacter	1
Rugositalea	1
Duffyella	1
Lacimicrobium	1
Paraliobacillus	1
Wenjunlia	1
Agrilactobacillus	1
Angustibacter	1
Amantichitinum	1
Halalkalibacterium (ex Joshi et al. 2022)	1
Mizugakiibacter	1
Tepidiphilus	1
Gulbenkiania	1
Franconibacter	1
Desulfosporosinus	1
Acidocella	1
Filomicrobium	1
Jeotgalibacillus	1
Morococcus	1
Mameliella	1
Novilysobacter	1
Modestobacter	1
Pseudescherichia	1
Basilea	1
Serpentinimonas	1
Isoptericola	1
Methylobacillus	1
Cohaesibacter	1
Candidatus Viadribacter	1
Actinopolymorpha	1
Alteribacillus	1
Flavimobilis	1
Cognatiyoonia	1
Gemmobacter	1
Brachymonas	1
Atopomonas	1
Desulfuromusa	1
Alkalimonas	1
Evansella	1
Citreimonas	1
Aidingimonas	1
Chitinasiproducens	1
Paraoerskovia	1
Thermostaphylospora	1
Oryzisolibacter	1
Limimonas	1
Belnapia	1
Terribacillus	1
Williamwhitmania	1
Algoriphagus	1
Candidatus Danuiimicrobium	1
Pelagibacterium	1
Niastella	1
Terasakiispira	1
Acidihalobacter	1
Pauljensenia	1
Vulcanibacillus	1
Desulfotomaculum	1
Breoghania	1
Actinomycetospora	1
Parasphingorhabdus	1
Skermania	1
Denitrobaculum	1
Exilibacterium	1
Thermopolyspora	1
Propioniferax	1
Ornithinicoccus	1
Elioraea	1
Gallionella	1
Jatrophihabitans	1
Saccharicrinis	1
Tomitella	1
Salicibibacter	1
Natronospirillum	1
Candidatus Macondimonas	1
Formicincola	1
Paracandidimonas	1
Desulforhopalus	1
Chitiniphilus	1
Sinimarinibacterium	1
Lampropedia	1
Pseudothauera	1
Terrimesophilobacter	1
Halospina	1
Enterovirga	1
Paludibacterium	1
Tahibacter	1
Hydromonas	1
Actinorugispora	1
Permianibacter	1
Aureibacillus	1
Aliikangiella	1
Marihabitans	1
Meridianimarinicoccus	1
Caenimonas	1
Zophobihabitans	1
Pontivivens	1
Nordella	1
Candidatus Hydrogenisulfobacillus	1
Nitrogeniibacter	1
Sheuella	1
Telmatospirillum	1
Fluviibacter	1
Oleiphilus	1
Acidianus	1
Ideonella	1
Pseudactinotalea	1
Acrocarpospora	1
Desulfosarcina	1
Aquipluma	1
Metapseudomonas	1
Hypericibacter	1
Flexistipes	1
Lacisediminihabitans	1
Vineibacter	1
Zeimonas	1
Bythopirellula	1
Labrys	1
Octadecabacter	1
Baekduia	1
Pistricoccus	1
Humibacter	1
Iodidimonas	1
Leekyejoonella	1
Thiopseudomonas	1
Sulfurirhabdus	1
Ignatzschineria	1
Rhodophyticola	1
Parasphingopyxis	1
Bailinhaonella	1
Thermobifida	1
Mariniphaga	1
Mesosutterella	1
Oligella	1
Alysiella	1
Nioella	1
Cognatiluteimonas	1
Methylovirgula	1
Undibacter	1
Enterobacillus	1
Dyella	1
Ferruginivarius	1
Thioalbus	1
Extensimonas	1
Parvibium	1
Profundibacter	1
Onishia	1
Rivihabitans	1
Falsiroseomonas	1
Pseudaminobacter	1
Streptacidiphilus	1
Humitalea	1
Candidatus Methylumidiphilus	1
Ancrocorticia	1
Azospirillum	1
Sediminicurvatus	1
Allosphingosinicella	1
Calidifontibacter	1
Solilutibacter	1
Samsonia	1
Actinocorallia	1
Tepidamorphus	1
Sulfuritortus	1
Varunaivibrio	1
Thermolongibacillus	1
Seleniivibrio	1
Pseudoxanthomonas	1
Fluviicoccus	1
Pengzhenrongella	1
Loktanella	1
Paenisporosarcina	1
Gandjariella	1
Alkalispirillum	1
Orbus	1
Pseudaquabacterium	1
Actinobacillus	1
Ancylomarina	1
Saezia	1
Methylococcus	1
Hydrogenothermus	1
Lysinibacillus	1
Paenirhodobacter	1
Geovibrio	1
Sulfuriferula	1
Flaviflexus	1
Filibacter	1
Tibeticola	1
Histidinibacterium	1
Luteococcus	1
Marinimicrobium	1
Nitrincola	1
